{
  "parent": "minecraft:recipes/root",
  "criteria": {
    "has_pigsteel_nugget": {
      "conditions": {
        "items": [
          {
            "items": [
              "pigsteel:pigsteel_nugget"
            ]
          }
        ]
      },
      "trigger": "minecraft:inventory_changed"
    },
    "has_the_recipe": {
      "conditions": {
        "recipe": "pigsteel:pigsteel_ingot_from_pigsteel_nugget"
      },
      "trigger": "minecraft:recipe_unlocked"
    }
  },
  "requirements": [
    [
      "has_pigsteel_nugget",
      "has_the_recipe"
    ]
  ],
  "rewards": {
    "recipes": [
      "pigsteel:pigsteel_ingot_from_pigsteel_nugget"
    ]
  },
  "sends_telemetry_event": false
}