{
  "parent": "minecraft:recipes/root",
  "criteria": {
    "has_flint": {
      "conditions": {
        "items": [
          {
            "items": [
              "minecraft:flint"
            ]
          }
        ]
      },
      "trigger": "minecraft:inventory_changed"
    },
    "has_obsidian": {
      "conditions": {
        "items": [
          {
            "items": [
              "minecraft:obsidian"
            ]
          }
        ]
      },
      "trigger": "minecraft:inventory_changed"
    },
    "has_the_recipe": {
      "conditions": {
        "recipe": "minecraft:flint_and_steel"
      },
      "trigger": "minecraft:recipe_unlocked"
    }
  },
  "requirements": [
    [
      "has_flint",
      "has_obsidian",
      "has_the_recipe"
    ]
  ],
  "rewards": {
    "recipes": [
      "minecraft:flint_and_steel"
    ]
  },
  "sends_telemetry_event": false
}