{
  "parent": "minecraft:recipes/root",
  "criteria": {
    "has_the_recipe": {
      "conditions": {
        "recipe": "pigsteel:pigsteel_soul_lantern"
      },
      "trigger": "minecraft:recipe_unlocked"
    },
    "has_torch": {
      "conditions": {
        "items": [
          {
            "items": [
              "minecraft:soul_torch"
            ]
          }
        ]
      },
      "trigger": "minecraft:inventory_changed"
    }
  },
  "requirements": [
    [
      "has_torch",
      "has_the_recipe"
    ]
  ],
  "rewards": {
    "recipes": [
      "pigsteel:pigsteel_soul_lantern"
    ]
  },
  "sends_telemetry_event": false
}