{
  "parent": "minecraft:recipes/root",
  "criteria": {
    "has_pigsteel_ingot": {
      "conditions": {
        "items": [
          {
            "items": [
              "pigsteel:pigsteel_ingot"
            ]
          }
        ]
      },
      "trigger": "minecraft:inventory_changed"
    },
    "has_the_recipe": {
      "conditions": {
        "recipe": "pigsteel:zombified_pigsteel_bars"
      },
      "trigger": "minecraft:recipe_unlocked"
    }
  },
  "requirements": [
    [
      "has_pigsteel_ingot",
      "has_the_recipe"
    ]
  ],
  "rewards": {
    "recipes": [
      "pigsteel:zombified_pigsteel_bars"
    ]
  },
  "sends_telemetry_event": false
}