{
  "parent": "minecraft:recipes/root",
  "criteria": {
    "has_iron_ingot": {
      "conditions": {
        "items": [
          {
            "tag": "c:iron_ingots"
          }
        ]
      },
      "trigger": "minecraft:inventory_changed"
    },
    "has_the_recipe": {
      "conditions": {
        "recipe": "minecraft:iron_boots"
      },
      "trigger": "minecraft:recipe_unlocked"
    }
  },
  "requirements": [
    [
      "has_iron_ingot",
      "has_the_recipe"
    ]
  ],
  "rewards": {
    "recipes": [
      "minecraft:iron_boots"
    ]
  },
  "sends_telemetry_event": false
}