{
    "ambientocclusion": false,
    "textures": {
        "particle": "#all",
        "bars": "#all"
    },
    "elements": [
        {   "from": [ 8, 0, 7 ],
            "to": [ 8, 16, 9 ],
            "faces": {
                "west": { "uv": [ 7, 0, 9, 16 ], "texture": "#bars" },
                "east": { "uv": [ 9, 0, 7, 16 ], "texture": "#bars" }
            }
        },
        {   "from": [ 7, 0, 8 ],
            "to": [ 9, 16, 8 ],
            "faces": {
                "north": { "uv": [ 7, 0, 9, 16 ], "texture": "#bars" },
                "south": { "uv": [ 9, 0, 7, 16 ], "texture": "#bars" }
            }
        }
    ]
}
