{
	"credit": "Made with Blockbench",
	"texture_size": [16, 24],
	"textures": {
		"0": "#all",
		"particle": "#0"
	},
	"elements": [
		{
			"from": [4, 1, 4],
			"to": [12, 10, 12],
			"faces": {
				"north": {"uv": [0, 0, 8, 6], "texture": "#0"},
				"east": {"uv": [0, 0, 8, 6], "texture": "#0"},
				"south": {"uv": [0, 0, 8, 6], "texture": "#0"},
				"west": {"uv": [0, 0, 8, 6], "texture": "#0"},
				"up": {"uv": [8, 0, 16, 5.33333], "texture": "#0"},
				"down": {"uv": [8, 0, 16, 5.33333], "texture": "#0"}
			}
		},
		{
			"from": [7, 10, 7],
			"to": [9, 11, 9],
			"faces": {
				"north": {"uv": [0, 0, 2, 0.66667], "texture": "#0"},
				"east": {"uv": [0, 0, 2, 0.66667], "texture": "#0"},
				"south": {"uv": [0, 0, 2, 0.66667], "texture": "#0"},
				"west": {"uv": [0, 0, 2, 0.66667], "texture": "#0"},
				"up": {"uv": [11, 1.66667, 13, 3], "texture": "#0"}
			}
		},
		{
			"from": [6, 10, 8],
			"to": [10, 13, 8],
			"faces": {
				"north": {"uv": [10, 6.66667, 14, 8.66667], "texture": "#0"},
				"east": {"uv": [0, 0, 0, 2], "texture": "#missing"},
				"south": {"uv": [10, 6.66667, 14, 8.66667], "texture": "#0"},
				"west": {"uv": [0, 0, 0, 2], "texture": "#missing"},
				"up": {"uv": [0, 0, 3, 0], "texture": "#missing"},
				"down": {"uv": [0, 0, 3, 0], "texture": "#missing"}
			}
		},
		{
			"from": [8, 12, 6],
			"to": [8, 14, 10],
			"rotation": {"angle": 0, "axis": "y", "origin": [8, 8, 8]},
			"faces": {
				"north": {"uv": [0, 0, 0, 1.33333], "texture": "#missing"},
				"east": {"uv": [10, 8, 14, 9.33333], "texture": "#0"},
				"south": {"uv": [0, 0, 0, 1.33333], "texture": "#missing"},
				"west": {"uv": [10, 8, 14, 9.33333], "texture": "#0"},
				"up": {"uv": [0, 0, 3, 0], "rotation": 270, "texture": "#missing"},
				"down": {"uv": [0, 0, 3, 0], "rotation": 90, "texture": "#missing"}
			}
		},
		{
			"from": [7, 14, 5],
			"to": [9, 15, 16],
			"faces": {
				"north": {"uv": [2, 11.33333, 4, 12], "texture": "#0"},
				"east": {"uv": [4, 10, 15, 10.66667], "texture": "#0"},
				"south": {"uv": [2, 11.33333, 4, 12], "texture": "#0"},
				"west": {"uv": [4, 10, 15, 10.66667], "texture": "#0"},
				"up": {"uv": [2, 6, 4, 13.33333], "texture": "#0"},
				"down": {"uv": [2, 6, 4, 13.33333], "texture": "#0"}
			}
		}
	]
}