{
  "schemaVersion": 1,
  "id": "pigsteel",
  "version": "${version}",

  "name": "Pigsteel",
  "description": "Adds a nether counterpart to iron.",
  "authors": [
    "DigitalPear",
    "Tamakii",
    "Uraneptus"
  ],
  "contact": {
    "homepage": "https://github.com/ArshiaDPG/Pigsteel-Fabric",
    "sources": "https://github.com/ArshiaDPG/Pigsteel-Fabric",
    "issues": "https://github.com/ArshiaDPG/Pigsteel-Fabric/issues"
  },

  "license": "Apache 2.0",
  "icon": "assets/pigsteel/icon.png",

  "environment": "*",
  "entrypoints": {
    "main": [
      "net.digitalpear.pigsteel.Pigsteel"
    ],
    "client":[
      "net.digitalpear.pigsteel.client.PigsteelClient"
    ],
    "fabric-datagen": [
      "net.digitalpear.pigsteel.PigsteelModDatagens"
    ]
  },
     "mixins": [
       "pigsteel.mixins.json"
     ],


  "depends": {
    "fabricloader": ">=0.14.4",
    "fabric": "*",
    "minecraft": ">=1.20",
    "trimmed": ">=2.0.0",
    "java": ">=17"
  }
}
