{
  "multipart": [
    {
      "apply": {
        "model": "pigsteel:block/pigsteel_bars_post_ends"
      }
    },
    {
      "apply": {
        "model": "pigsteel:block/pigsteel_bars_post"
      },
      "when": {
        "east": "false",
        "north": "false",
        "south": "false",
        "west": "false"
      }
    },
    {
      "apply": {
        "model": "pigsteel:block/pigsteel_bars_cap"
      },
      "when": {
        "east": "false",
        "north": "true",
        "south": "false",
        "west": "false"
      }
    },
    {
      "apply": {
        "model": "pigsteel:block/pigsteel_bars_cap",
        "y": 90
      },
      "when": {
        "east": "true",
        "north": "false",
        "south": "false",
        "west": "false"
      }
    },
    {
      "apply": {
        "model": "pigsteel:block/pigsteel_bars_cap_alt"
      },
      "when": {
        "east": "false",
        "north": "false",
        "south": "true",
        "west": "false"
      }
    },
    {
      "apply": {
        "model": "pigsteel:block/pigsteel_bars_cap_alt",
        "y": 90
      },
      "when": {
        "east": "false",
        "north": "false",
        "south": "false",
        "west": "true"
      }
    },
    {
      "apply": {
        "model": "pigsteel:block/pigsteel_bars_side"
      },
      "when": {
        "north": "true"
      }
    },
    {
      "apply": {
        "model": "pigsteel:block/pigsteel_bars_side",
        "y": 90
      },
      "when": {
        "east": "true"
      }
    },
    {
      "apply": {
        "model": "pigsteel:block/pigsteel_bars_side_alt"
      },
      "when": {
        "south": "true"
      }
    },
    {
      "apply": {
        "model": "pigsteel:block/pigsteel_bars_side_alt",
        "y": 90
      },
      "when": {
        "west": "true"
      }
    }
  ]
}