{
  "parent": "minecraft:recipes/root",
  "criteria": {
    "has_raw_pigsteel": {
      "conditions": {
        "items": [
          {
            "items": [
              "pigsteel:raw_pigsteel"
            ]
          }
        ]
      },
      "trigger": "minecraft:inventory_changed"
    },
    "has_the_recipe": {
      "conditions": {
        "recipe": "pigsteel:raw_pigsteel_block_from_raw_pigsteel"
      },
      "trigger": "minecraft:recipe_unlocked"
    }
  },
  "requirements": [
    [
      "has_raw_pigsteel",
      "has_the_recipe"
    ]
  ],
  "rewards": {
    "recipes": [
      "pigsteel:raw_pigsteel_block_from_raw_pigsteel"
    ]
  },
  "sends_telemetry_event": false
}