{
  "parent": "minecraft:recipes/root",
  "criteria": {
    "has_the_recipe": {
      "conditions": {
        "recipe": "minecraft:waxed_zombified_cut_pigsteel_from_honeycomb"
      },
      "trigger": "minecraft:recipe_unlocked"
    },
    "has_zombified_cut_pigsteel": {
      "conditions": {
        "items": [
          {
            "items": [
              "pigsteel:zombified_cut_pigsteel"
            ]
          }
        ]
      },
      "trigger": "minecraft:inventory_changed"
    }
  },
  "requirements": [
    [
      "has_zombified_cut_pigsteel",
      "has_the_recipe"
    ]
  ],
  "rewards": {
    "recipes": [
      "minecraft:waxed_zombified_cut_pigsteel_from_honeycomb"
    ]
  },
  "sends_telemetry_event": false
}