{
  "parent": "minecraft:recipes/root",
  "criteria": {
    "has_pigsteel_bars": {
      "conditions": {
        "items": [
          {
            "items": [
              "pigsteel:pigsteel_bars"
            ]
          }
        ]
      },
      "trigger": "minecraft:inventory_changed"
    },
    "has_the_recipe": {
      "conditions": {
        "recipe": "minecraft:waxed_pigsteel_bars_from_honeycomb"
      },
      "trigger": "minecraft:recipe_unlocked"
    }
  },
  "requirements": [
    [
      "has_pigsteel_bars",
      "has_the_recipe"
    ]
  ],
  "rewards": {
    "recipes": [
      "minecraft:waxed_pigsteel_bars_from_honeycomb"
    ]
  },
  "sends_telemetry_event": false
}