{
  "parent": "minecraft:recipes/root",
  "criteria": {
    "has_cut_pigsteel_slab": {
      "conditions": {
        "items": [
          {
            "items": [
              "pigsteel:cut_pigsteel_slab"
            ]
          }
        ]
      },
      "trigger": "minecraft:inventory_changed"
    },
    "has_the_recipe": {
      "conditions": {
        "recipe": "minecraft:waxed_cut_pigsteel_slab_from_honeycomb"
      },
      "trigger": "minecraft:recipe_unlocked"
    }
  },
  "requirements": [
    [
      "has_cut_pigsteel_slab",
      "has_the_recipe"
    ]
  ],
  "rewards": {
    "recipes": [
      "minecraft:waxed_cut_pigsteel_slab_from_honeycomb"
    ]
  },
  "sends_telemetry_event": false
}